Mot-clÃ©,DifficultÃ© RÃ©elle (SD),Volume Recherche,Estimation Top 3 (mois),CatÃ©gorie,Notes
call center france,30,,,ğŸŸ¢ Faible,
centre d'appel france,31,,,ğŸŸ¢ Faible,
hotline/helpdesk,13,,,ğŸŸ¢ TrÃ¨s Faible,
relance commerciale,19,,,ğŸŸ¢ TrÃ¨s Faible,
prospection tÃ©lÃ©phonique,34,,,ğŸŸ¢ Faible,
hotline,26,,,ğŸŸ¢ Faible,
support technique,51,,,ğŸŸ¡ Moyen,
tickets support,38,,,ğŸŸ¢ Faible,
call center/centre d'appels,14,,,ğŸŸ¢ TrÃ¨s Faible,
accueil/secrÃ©tariat,31,,,ğŸŸ¢ Faible,
support informatique,37,,,ğŸŸ¢ Faible,
service desk,38,,,ğŸŸ¢ Faible,
accueil tÃ©lÃ©phonique,15,,,ğŸŸ¢ TrÃ¨s Faible,
secrÃ©tariat tÃ©lÃ©phonique,28,,,ğŸŸ¢ Faible,
support utilisateurs,23,,,ğŸŸ¢ Faible,
call center franÃ§ais,32,,,ğŸŸ¢ Faible,
helpdesk / it support,33,,,ğŸŸ¢ Faible,
centre de contact,42,,,ğŸŸ¢ Faible,
centre d'appels france,15,,,ğŸŸ¢ TrÃ¨s Faible,
support/assistance,89,,,ğŸ”´ TrÃ¨s Ã‰levÃ©,
helpdesk,37,,,ğŸŸ¢ Faible,
permanence tÃ©lÃ©phonique,43,,,ğŸŸ¢ Faible,
standard externalisÃ©,10,,,ğŸŸ¢ TrÃ¨s Faible,
call center,35,,,ğŸŸ¢ Faible,
externalisation service client,10,,,ğŸŸ¢ TrÃ¨s Faible,
gestion rÃ©clamations,16,,,ğŸŸ¢ TrÃ¨s Faible,
Externalisation relation client,,,,
Agence de prospection commerciale,,,,
TÃ©lÃ©secrÃ©tariat,,,,
Gestion des appels tÃ©lÃ©phoniques entrants,,,,
